{"cameraMode":{"drawMode":0,"name":"Shaded","section":"Shading Mode"},"sceneLighting":true,"audioPlay":false,"sceneViewState":{"m_AlwaysRefresh":false,"showFog":true,"showSkybox":true,"showFlares":true,"showImageEffects":true,"showParticleSystems":true,"showVisualEffectGraphs":true,"m_FxEnabled":true},"in2DMode":false,"pivot":{"x":3.4820945262908937,"y":4.244403839111328,"z":-17.87067222595215},"rotation":{"x":-0.055601298809051517,"y":0.9432429671287537,"z":-0.25435712933540347,"w":-0.20618154108524323},"size":21.974376678466798,"orthographic":false}