{"cameraMode":{"drawMode":0,"name":"Shaded","section":"Shading Mode"},"sceneLighting":true,"audioPlay":false,"sceneViewState":{"m_AlwaysRefresh":false,"showFog":true,"showSkybox":true,"showFlares":true,"showImageEffects":true,"showParticleSystems":true,"showVisualEffectGraphs":true,"m_FxEnabled":true},"in2DMode":false,"pivot":{"x":-3.041607141494751,"y":2.2217884063720705,"z":7.697137355804443},"rotation":{"x":0.3964846432209015,"y":0.22747811675071717,"z":-0.10210458934307099,"w":0.8835564851760864},"size":21.766435623168947,"orthographic":false}