{"cameraMode":{"drawMode":0,"name":"Shaded","section":"Shading Mode"},"sceneLighting":true,"audioPlay":false,"sceneViewState":{"showFog":true,"showMaterialUpdate":false,"showSkybox":true,"showFlares":true,"showImageEffects":true,"showParticleSystems":true},"in2DMode":false,"pivot":{"x":-1.3342218399047852,"y":-1.6525135040283204,"z":4.317806720733643},"rotation":{"x":-0.19627563655376435,"y":0.7499642372131348,"z":-0.2546292841434479,"w":-0.5780946612358093},"size":10.0,"orthographic":false}